-- Career Crox React + Node + Supabase reset + schema + seed
-- Run this whole file inside Supabase SQL editor
begin;
drop table if exists users cascade;
drop table if exists unlock_requests cascade;
drop table if exists tasks cascade;
drop table if exists submissions cascade;
drop table if exists settings cascade;
drop table if exists scheduled_reports cascade;
drop table if exists revenue_entries cascade;
drop table if exists presence cascade;
drop table if exists notifications cascade;
drop table if exists notes cascade;
drop table if exists messages cascade;
drop table if exists jd_master cascade;
drop table if exists interviews cascade;
drop table if exists client_requirements cascade;
drop table if exists client_pipeline cascade;
drop table if exists chat_user_state cascade;
drop table if exists chat_groups cascade;
drop table if exists chat_group_members cascade;
drop table if exists candidates cascade;
drop table if exists activity_log cascade;
drop table if exists active_sessions cascade;
drop table if exists aaria_queue cascade;

create table if not exists aaria_queue (
  task_id text primary key,
  user_id text,
  serial_hint text,
  command_text text,
  status text,
  result_text text,
  created_at text,
  updated_at text
);

create table if not exists active_sessions (
  username text primary key,
  session_token text,
  ip_address text,
  user_agent text,
  updated_at text
);

create table if not exists activity_log (
  activity_id text primary key,
  user_id text,
  username text,
  action_type text,
  candidate_id text,
  metadata text,
  created_at text
);

create table if not exists candidates (
  candidate_id text primary key,
  call_connected text,
  looking_for_job text,
  full_name text,
  phone text,
  qualification text,
  location text,
  preferred_location text,
  qualification_level text,
  total_experience text,
  relevant_experience text,
  in_hand_salary text,
  ctc_monthly text,
  career_gap text,
  documents_availability text,
  communication_skill text,
  relevant_experience_range text,
  relevant_in_hand_range text,
  submission_date text,
  process text,
  recruiter_code text,
  recruiter_name text,
  recruiter_designation text,
  status text,
  all_details_sent text,
  interview_availability text,
  interview_reschedule_date text,
  follow_up_at text,
  follow_up_note text,
  follow_up_status text,
  approval_status text,
  approval_requested_at text,
  approved_at text,
  approved_by_name text,
  is_duplicate text,
  notes text,
  resume_filename text,
  recording_filename text,
  created_at text,
  updated_at text,
  experience text
);

create table if not exists chat_group_members (
  id bigint generated by default as identity primary key,
  group_id text,
  username text,
  joined_at text
);

create table if not exists chat_groups (
  group_id text primary key,
  title text,
  created_by_username text,
  created_at text,
  updated_at text,
  is_active text default '1',
  is_manager_pinned text default '0'
);

create table if not exists chat_user_state (
  id bigint generated by default as identity primary key,
  username text,
  thread_key text,
  thread_type text,
  is_pinned text default '0',
  pin_order integer default 999,
  is_hidden text default '0',
  is_blocked text default '0',
  muted text default '0',
  last_read_at text default ''
);

create table if not exists client_pipeline (
  lead_id text primary key,
  client_name text,
  contact_person text,
  contact_phone text,
  city text,
  industry text,
  status text,
  owner_username text,
  priority text,
  openings_count text,
  last_follow_up_at text,
  next_follow_up_at text,
  notes text,
  created_at text,
  updated_at text
);

create table if not exists client_requirements (
  req_id text primary key,
  lead_id text,
  jd_title text,
  city text,
  openings text,
  target_ctc text,
  status text,
  assigned_tl text,
  assigned_manager text,
  fill_target_date text,
  created_at text
);

create table if not exists interviews (
  interview_id text primary key,
  candidate_id text,
  jd_id text,
  stage text,
  scheduled_at text,
  status text,
  created_at text
);

create table if not exists jd_master (
  jd_id text primary key,
  job_title text,
  company text,
  location text,
  experience text,
  salary text,
  pdf_url text,
  jd_status text,
  notes text,
  created_at text
);

create table if not exists messages (
  id bigint generated by default as identity primary key,
  sender_username text,
  recipient_username text,
  body text,
  created_at text,
  thread_key text,
  thread_type text,
  reference_type text,
  reference_id text,
  mention_usernames text
);

create table if not exists notes (
  id bigint generated by default as identity primary key,
  candidate_id text,
  username text,
  note_type text,
  body text,
  created_at text
);

create table if not exists notifications (
  notification_id text primary key,
  user_id text,
  title text,
  message text,
  category text,
  status text,
  metadata text,
  created_at text
);

create table if not exists presence (
  user_id text primary key,
  last_seen_at text,
  last_page text,
  is_on_break text,
  break_reason text,
  break_started_at text,
  break_expected_end_at text,
  total_break_minutes text,
  locked text,
  last_call_dial_at text,
  last_call_candidate_id text,
  last_call_alert_sent_at text,
  meeting_joined text,
  meeting_joined_at text,
  screen_sharing text,
  screen_frame_url text,
  last_screen_frame_at text,
  work_started_at text,
  total_work_minutes text
);

create table if not exists revenue_entries (
  rev_id text primary key,
  client_name text,
  candidate_id text,
  jd_id text,
  recruiter_code text,
  amount_billed text,
  amount_collected text,
  invoice_status text,
  billing_month text,
  joined_at text,
  expected_payout_date text,
  source_channel text,
  created_at text
);

create table if not exists scheduled_reports (
  report_id text primary key,
  user_id text,
  title text,
  report_type text,
  filters_json text,
  file_format text,
  frequency_minutes text,
  status text,
  next_run_at text,
  last_run_at text,
  last_file_name text,
  created_at text
);

create table if not exists settings (
  setting_key text primary key,
  setting_value text,
  notes text,
  "Instructions" text
);

create table if not exists submissions (
  submission_id text primary key,
  candidate_id text,
  jd_id text,
  recruiter_code text,
  status text,
  approval_status text,
  decision_note text,
  approval_requested_at text,
  approved_by_name text,
  approved_at text,
  approval_rescheduled_at text,
  submitted_at text
);

create table if not exists tasks (
  task_id text primary key,
  title text,
  description text,
  assigned_to_user_id text,
  assigned_to_name text,
  assigned_by_user_id text,
  assigned_by_name text,
  status text,
  priority text,
  due_date text,
  created_at text,
  updated_at text
);

create table if not exists unlock_requests (
  request_id text primary key,
  user_id text,
  status text,
  reason text,
  requested_at text,
  approved_by_user_id text,
  approved_by_name text,
  approved_at text
);

create table if not exists users (
  user_id text primary key,
  username text unique,
  password text,
  full_name text,
  designation text,
  role text,
  recruiter_code text,
  is_active text,
  theme_name text,
  updated_at text
);

create index if not exists idx_users_username on users(username);
create index if not exists idx_users_role on users(role);
create index if not exists idx_candidates_recruiter_code on candidates(recruiter_code);
create index if not exists idx_candidates_status on candidates(status);
create index if not exists idx_candidates_updated_at on candidates(updated_at);
create index if not exists idx_tasks_assigned_to on tasks(assigned_to_user_id);
create index if not exists idx_notifications_user_status on notifications(user_id, status);
create index if not exists idx_interviews_candidate on interviews(candidate_id);
create index if not exists idx_submissions_candidate on submissions(candidate_id);
create index if not exists idx_submissions_recruiter on submissions(recruiter_code);
create index if not exists idx_notes_candidate on notes(candidate_id);
create index if not exists idx_activity_user_created on activity_log(user_id, created_at);
create unique index if not exists idx_chat_user_state_unique on chat_user_state(username, thread_key);
create index if not exists idx_client_pipeline_owner on client_pipeline(owner_username);
create index if not exists idx_revenue_recruiter on revenue_entries(recruiter_code);

-- seed: active_sessions (3 rows)
insert into active_sessions ("username", "session_token", "ip_address", "user_agent", "updated_at") values ('sakshi.tl', '04483bd21ae352a66e9898d66ae63bcc', '127.0.0.1', 'Werkzeug/3.1.6', '2026-03-18T06:28:01') on conflict do nothing;
insert into active_sessions ("username", "session_token", "ip_address", "user_agent", "updated_at") values ('anjali.tl', '3f2faeb152e4b8ed1b7e9a138f44e33a', '127.0.0.1', 'Werkzeug/3.1.6', '2026-03-18T06:28:01') on conflict do nothing;
insert into active_sessions ("username", "session_token", "ip_address", "user_agent", "updated_at") values ('aaryansh.manager', '68fcb7f92ecdd14b7fe0ffaf6a9168cb', '127.0.0.1', 'Mozilla/5.0 (Windows NT 10.0; Win64; x64) AppleWebKit/537.36 (KHTML, like Gecko) Chrome/146.0.0.0 Safari/537.36 Edg/146.0.0.0', '2026-03-19T17:44:47') on conflict do nothing;

-- seed: activity_log (19 rows)
insert into activity_log ("activity_id", "user_id", "username", "action_type", "candidate_id", "metadata", "created_at") values ('A1773815281781439', 'U001', 'aaryansh.manager', 'login', '', '{"ip": "127.0.0.1", "user_agent": "Werkzeug/3.1.6"}', '2026-03-18T06:28:01') on conflict do nothing;
insert into activity_log ("activity_id", "user_id", "username", "action_type", "candidate_id", "metadata", "created_at") values ('A1773815281790814', 'U002', 'sakshi.tl', 'login', '', '{"ip": "127.0.0.1", "user_agent": "Werkzeug/3.1.6"}', '2026-03-18T06:28:01') on conflict do nothing;
insert into activity_log ("activity_id", "user_id", "username", "action_type", "candidate_id", "metadata", "created_at") values ('A1773815281799651', 'U003', 'anjali.tl', 'login', '', '{"ip": "127.0.0.1", "user_agent": "Werkzeug/3.1.6"}', '2026-03-18T06:28:01') on conflict do nothing;
insert into activity_log ("activity_id", "user_id", "username", "action_type", "candidate_id", "metadata", "created_at") values ('A1773815296378752', 'U001', 'aaryansh.manager', 'login', '', '{"ip": "127.0.0.1", "user_agent": "Werkzeug/3.1.6"}', '2026-03-18T06:28:16') on conflict do nothing;
insert into activity_log ("activity_id", "user_id", "username", "action_type", "candidate_id", "metadata", "created_at") values ('A1773815719897927', 'U001', 'aaryansh.manager', 'login', '', '{"ip": "127.0.0.1", "user_agent": "Werkzeug/3.1.6"}', '2026-03-18T06:35:19') on conflict do nothing;
insert into activity_log ("activity_id", "user_id", "username", "action_type", "candidate_id", "metadata", "created_at") values ('A1773815748896671', 'U001', 'aaryansh.manager', 'login', '', '{"ip": "127.0.0.1", "user_agent": "Werkzeug/3.1.6"}', '2026-03-18T06:35:48') on conflict do nothing;
insert into activity_log ("activity_id", "user_id", "username", "action_type", "candidate_id", "metadata", "created_at") values ('A1773815794386744', 'U001', 'aaryansh.manager', 'login', '', '{"ip": "127.0.0.1", "user_agent": "Werkzeug/3.1.6"}', '2026-03-18T06:36:34') on conflict do nothing;
insert into activity_log ("activity_id", "user_id", "username", "action_type", "candidate_id", "metadata", "created_at") values ('A1773815805130137', 'U001', 'aaryansh.manager', 'login', '', '{"ip": "127.0.0.1", "user_agent": "Werkzeug/3.1.6"}', '2026-03-18T06:36:45') on conflict do nothing;
insert into activity_log ("activity_id", "user_id", "username", "action_type", "candidate_id", "metadata", "created_at") values ('A1773815823430196', 'U001', 'aaryansh.manager', 'login', '', '{"ip": "127.0.0.1", "user_agent": "Werkzeug/3.1.6"}', '2026-03-18T06:37:03') on conflict do nothing;
insert into activity_log ("activity_id", "user_id", "username", "action_type", "candidate_id", "metadata", "created_at") values ('A1773815872985610', 'U001', 'aaryansh.manager', 'login', '', '{"ip": "127.0.0.1", "user_agent": "python-requests/2.31.0"}', '2026-03-18T06:37:52') on conflict do nothing;
insert into activity_log ("activity_id", "user_id", "username", "action_type", "candidate_id", "metadata", "created_at") values ('A1773815889596896', 'U001', 'aaryansh.manager', 'login', '', '{"ip": "127.0.0.1", "user_agent": "Werkzeug/3.1.6"}', '2026-03-18T06:38:09') on conflict do nothing;
insert into activity_log ("activity_id", "user_id", "username", "action_type", "candidate_id", "metadata", "created_at") values ('A1773815889863196', 'U001', 'aaryansh.manager', 'page_view:interviews', '', '{"q": "", "recruiter": "", "location": ""}', '2026-03-18T06:38:09') on conflict do nothing;
insert into activity_log ("activity_id", "user_id", "username", "action_type", "candidate_id", "metadata", "created_at") values ('A1773815889897560', 'U001', 'aaryansh.manager', 'page_view:tasks', '', '{}', '2026-03-18T06:38:09') on conflict do nothing;
insert into activity_log ("activity_id", "user_id", "username", "action_type", "candidate_id", "metadata", "created_at") values ('A1773815889932550', 'U001', 'aaryansh.manager', 'page_view:reports', '', '{"query": {}}', '2026-03-18T06:38:09') on conflict do nothing;
insert into activity_log ("activity_id", "user_id", "username", "action_type", "candidate_id", "metadata", "created_at") values ('A1773815890305832', 'U001', 'aaryansh.manager', 'page_view:client_pipeline', '', '{"q": "", "status": "", "city": ""}', '2026-03-18T06:38:10') on conflict do nothing;
insert into activity_log ("activity_id", "user_id", "username", "action_type", "candidate_id", "metadata", "created_at") values ('A1773815890339241', 'U001', 'aaryansh.manager', 'page_view:revenue_hub', '', '{"billing_month": "", "client_name": "", "invoice_status": ""}', '2026-03-18T06:38:10') on conflict do nothing;
insert into activity_log ("activity_id", "user_id", "username", "action_type", "candidate_id", "metadata", "created_at") values ('A1773815890377202', 'U001', 'aaryansh.manager', 'page_view:performance_centre', '', '{"username": ""}', '2026-03-18T06:38:10') on conflict do nothing;
insert into activity_log ("activity_id", "user_id", "username", "action_type", "candidate_id", "metadata", "created_at") values ('A1773919139679533', 'U001', 'aaryansh.manager', 'login', '', '{"ip": "127.0.0.1", "user_agent": "Mozilla/5.0 (Windows NT 10.0; Win64; x64) AppleWebKit/537.36 (KHTML, like Gecko) Chrome/146.0.0.0 Safari/537.36 Edg/146."}', '2026-03-19T16:48:59') on conflict do nothing;
insert into activity_log ("activity_id", "user_id", "username", "action_type", "candidate_id", "metadata", "created_at") values ('A1773922447678336', 'U001', 'aaryansh.manager', 'login', '', '{"ip": "127.0.0.1", "user_agent": "Mozilla/5.0 (Windows NT 10.0; Win64; x64) AppleWebKit/537.36 (KHTML, like Gecko) Chrome/146.0.0.0 Safari/537.36 Edg/146."}', '2026-03-19T17:44:07') on conflict do nothing;

-- seed: candidates (5 rows)
insert into candidates ("candidate_id", "call_connected", "looking_for_job", "full_name", "phone", "qualification", "location", "preferred_location", "qualification_level", "total_experience", "relevant_experience", "in_hand_salary", "ctc_monthly", "career_gap", "documents_availability", "communication_skill", "relevant_experience_range", "relevant_in_hand_range", "submission_date", "process", "recruiter_code", "recruiter_name", "recruiter_designation", "status", "all_details_sent", "interview_availability", "interview_reschedule_date", "follow_up_at", "follow_up_note", "follow_up_status", "approval_status", "approval_requested_at", "approved_at", "approved_by_name", "is_duplicate", "notes", "resume_filename", "recording_filename", "created_at", "updated_at", "experience") values ('C001', '', 'Yes', 'Neha Sharma', '9876543210', 'B.A.', 'Delhi', 'Noida', 'Graduate', '6', '4', '18000', '', 'Currently Working', 'Yes', 'Good', '4-6 Months', '16-20K', '2026-03-13', 'Airtel', 'RC-101', 'Arjun Recruiter', 'Recruiter', 'New', 'Pending', '', '', '', '', 'Open', 'Draft', '', '', '', '0', 'Interested in voice process', '', '', '2026-03-13T14:26:01.978606', '2026-03-13T14:26:01.978615', '6 Months') on conflict do nothing;
insert into candidates ("candidate_id", "call_connected", "looking_for_job", "full_name", "phone", "qualification", "location", "preferred_location", "qualification_level", "total_experience", "relevant_experience", "in_hand_salary", "ctc_monthly", "career_gap", "documents_availability", "communication_skill", "relevant_experience_range", "relevant_in_hand_range", "submission_date", "process", "recruiter_code", "recruiter_name", "recruiter_designation", "status", "all_details_sent", "interview_availability", "interview_reschedule_date", "follow_up_at", "follow_up_note", "follow_up_status", "approval_status", "approval_requested_at", "approved_at", "approved_by_name", "is_duplicate", "notes", "resume_filename", "recording_filename", "created_at", "updated_at", "experience") values ('C002', '', 'Yes', 'Imran Khan', '9123456780', '12th', 'Ghaziabad', 'Noida', 'Non-Graduate', '0', '0', '0', '', 'Fresher', 'Not All', 'Average', 'Fresher', '0', '2026-03-13', 'Internship', 'RC-103', 'Kabir Intern', 'Intern', 'New', 'Pending', '', '', '', '', 'Open', 'Draft', '', '', '', '0', 'Needs internship role', '', '', '2026-03-13T14:26:01.978644', '2026-03-13T14:26:01.978648', 'Fresher') on conflict do nothing;
insert into candidates ("candidate_id", "call_connected", "looking_for_job", "full_name", "phone", "qualification", "location", "preferred_location", "qualification_level", "total_experience", "relevant_experience", "in_hand_salary", "ctc_monthly", "career_gap", "documents_availability", "communication_skill", "relevant_experience_range", "relevant_in_hand_range", "submission_date", "process", "recruiter_code", "recruiter_name", "recruiter_designation", "status", "all_details_sent", "interview_availability", "interview_reschedule_date", "follow_up_at", "follow_up_note", "follow_up_status", "approval_status", "approval_requested_at", "approved_at", "approved_by_name", "is_duplicate", "notes", "resume_filename", "recording_filename", "created_at", "updated_at", "experience") values ('C003', '', 'Yes', 'Pooja Verma', '9988776655', 'B.Com', 'Noida', 'Gurugram', 'Graduate', '18', '12', '28000', '', '1-3 Months', 'Yes', 'Excellent', '7-12 Months', '26-35K', '2026-03-13', 'American Express', 'RC-102', 'Sara Recruiter', 'Recruiter', 'Interview Scheduled', 'Complete', '', '', '', '', 'Open', 'Draft', '', '2026-03-13T14:26:01.978702', '', '0', 'Strong communication', '', '', '2026-03-13T14:26:01.978698', '2026-03-13T14:26:01.978702', '1.5 Years') on conflict do nothing;
insert into candidates ("candidate_id", "call_connected", "looking_for_job", "full_name", "phone", "qualification", "location", "preferred_location", "qualification_level", "total_experience", "relevant_experience", "in_hand_salary", "ctc_monthly", "career_gap", "documents_availability", "communication_skill", "relevant_experience_range", "relevant_in_hand_range", "submission_date", "process", "recruiter_code", "recruiter_name", "recruiter_designation", "status", "all_details_sent", "interview_availability", "interview_reschedule_date", "follow_up_at", "follow_up_note", "follow_up_status", "approval_status", "approval_requested_at", "approved_at", "approved_by_name", "is_duplicate", "notes", "resume_filename", "recording_filename", "created_at", "updated_at", "experience") values ('C004', '', 'Yes', 'Ritik Singh', '9988776611', 'MBA', 'Lucknow', 'Gurugram', 'Graduate', '24', '24', '35000', '', 'Currently Working', 'Yes', 'Good', '1-2 Years', '26-35K', '2026-03-13', 'Razorpay', 'RC-101', 'Arjun Recruiter', 'Recruiter', 'Reschedule', 'Complete', '', '2026-03-13 11:00', '', '', 'Open', 'Draft', '', '2026-03-13T14:26:01.978735', '', '0', 'Asked for second attempt', '', '', '2026-03-13T14:26:01.978731', '2026-03-13T14:26:01.978735', '2 Years') on conflict do nothing;
insert into candidates ("candidate_id", "call_connected", "looking_for_job", "full_name", "phone", "qualification", "location", "preferred_location", "qualification_level", "total_experience", "relevant_experience", "in_hand_salary", "ctc_monthly", "career_gap", "documents_availability", "communication_skill", "relevant_experience_range", "relevant_in_hand_range", "submission_date", "process", "recruiter_code", "recruiter_name", "recruiter_designation", "status", "all_details_sent", "interview_availability", "interview_reschedule_date", "follow_up_at", "follow_up_note", "follow_up_status", "approval_status", "approval_requested_at", "approved_at", "approved_by_name", "is_duplicate", "notes", "resume_filename", "recording_filename", "created_at", "updated_at", "experience") values ('C005', '', 'Yes', 'Neha Sharma', '9876543210', 'B.A.', 'Delhi', 'Noida', 'Graduate', '6', '4', '18000', '', 'Currently Working', 'Yes', 'Good', '4-6 Months', '16-20K', '2026-03-13', 'Airtel', 'RC-101', 'Arjun Recruiter', 'Recruiter', 'Duplicate', 'Pending', '', '', '', '', 'Open', 'Draft', '', '', '', '1', 'Duplicate by phone', '', '', '2026-03-13T14:26:01.978759', '2026-03-13T14:26:01.978763', '6 Months') on conflict do nothing;

-- seed: chat_user_state (5 rows)
insert into chat_user_state ("id", "username", "thread_key", "thread_type", "is_pinned", "pin_order", "is_hidden", "is_blocked", "muted", "last_read_at") values ('1', 'aaryansh.manager', 'dm:aaryansh.manager|anjali.tl', 'direct', '0', '999', '0', '0', '0', '2026-03-18T06:38:10');
insert into chat_user_state ("id", "username", "thread_key", "thread_type", "is_pinned", "pin_order", "is_hidden", "is_blocked", "muted", "last_read_at") values ('2', 'aaryansh.manager', 'dm:aaryansh.manager|pragya.rec', 'direct', '0', '999', '0', '0', '0', '');
insert into chat_user_state ("id", "username", "thread_key", "thread_type", "is_pinned", "pin_order", "is_hidden", "is_blocked", "muted", "last_read_at") values ('3', 'aaryansh.manager', 'dm:aaryansh.manager|rabia.rec', 'direct', '0', '999', '0', '0', '0', '');
insert into chat_user_state ("id", "username", "thread_key", "thread_type", "is_pinned", "pin_order", "is_hidden", "is_blocked", "muted", "last_read_at") values ('4', 'aaryansh.manager', 'dm:aaryansh.manager|sakshi.tl', 'direct', '0', '999', '0', '0', '0', '');
insert into chat_user_state ("id", "username", "thread_key", "thread_type", "is_pinned", "pin_order", "is_hidden", "is_blocked", "muted", "last_read_at") values ('5', 'aaryansh.manager', 'dm:aaryansh.manager|tahseen.rec', 'direct', '0', '999', '0', '0', '0', '');

-- seed: client_pipeline (3 rows)
insert into client_pipeline ("lead_id", "client_name", "contact_person", "contact_phone", "city", "industry", "status", "owner_username", "priority", "openings_count", "last_follow_up_at", "next_follow_up_at", "notes", "created_at", "updated_at") values ('L001', 'Blinkit Hiring Desk', 'Rohit Sharma', '9812345678', 'Gurgaon', 'E-commerce', 'Proposal Sent', 'aaryansh.manager', 'High', '18', '2026-03-17T06:27:50', '2026-03-19T06:27:50', 'Blended customer support ramp expected this week.', '2026-03-06T06:27:50', '2026-03-18T06:27:50') on conflict do nothing;
insert into client_pipeline ("lead_id", "client_name", "contact_person", "contact_phone", "city", "industry", "status", "owner_username", "priority", "openings_count", "last_follow_up_at", "next_follow_up_at", "notes", "created_at", "updated_at") values ('L002', 'Teleperformance North', 'Megha Jain', '9876501234', 'Noida', 'BPO', 'Negotiation', 'aaryansh.manager', 'Hot', '32', '2026-03-18T00:27:50', '2026-03-19T00:27:50', 'Awaiting revised commercial approval.', '2026-03-09T06:27:50', '2026-03-18T06:27:50') on conflict do nothing;
insert into client_pipeline ("lead_id", "client_name", "contact_person", "contact_phone", "city", "industry", "status", "owner_username", "priority", "openings_count", "last_follow_up_at", "next_follow_up_at", "notes", "created_at", "updated_at") values ('L003', 'Airtel Process Hub', 'Ankita Singh', '9898989898', 'Noida', 'Telecom', 'Active Hiring', 'aaryansh.manager', 'Critical', '24', '2026-03-18T03:27:50', '2026-03-18T11:27:50', 'Daily submission commitment in place.', '2026-02-25T06:27:50', '2026-03-18T06:27:50') on conflict do nothing;

-- seed: client_requirements (4 rows)
insert into client_requirements ("req_id", "lead_id", "jd_title", "city", "openings", "target_ctc", "status", "assigned_tl", "assigned_manager", "fill_target_date", "created_at") values ('R001', 'L001', 'Customer Support Executive', 'Gurgaon', '12', '26000', 'Open', 'sakshi.tl', 'aaryansh.manager', '2026-03-23', '2026-03-18T06:27:50') on conflict do nothing;
insert into client_requirements ("req_id", "lead_id", "jd_title", "city", "openings", "target_ctc", "status", "assigned_tl", "assigned_manager", "fill_target_date", "created_at") values ('R002', 'L001', 'Chat Support Associate', 'Gurgaon', '6', '24000', 'Sourcing', 'anjali.tl', 'aaryansh.manager', '2026-03-25', '2026-03-18T06:27:50') on conflict do nothing;
insert into client_requirements ("req_id", "lead_id", "jd_title", "city", "openings", "target_ctc", "status", "assigned_tl", "assigned_manager", "fill_target_date", "created_at") values ('R003', 'L002', 'Claims Process Executive', 'Noida', '15', '31000', 'Interviewing', 'sakshi.tl', 'aaryansh.manager', '2026-03-26', '2026-03-18T06:27:50') on conflict do nothing;
insert into client_requirements ("req_id", "lead_id", "jd_title", "city", "openings", "target_ctc", "status", "assigned_tl", "assigned_manager", "fill_target_date", "created_at") values ('R004', 'L003', 'Blended Process Associate', 'Noida', '24', '28000', 'Active', 'anjali.tl', 'aaryansh.manager', '2026-03-21', '2026-03-18T06:27:50') on conflict do nothing;

-- seed: notifications (5 rows)
insert into notifications ("notification_id", "user_id", "title", "message", "category", "status", "metadata", "created_at") values ('N001', 'U002', 'Profile submitted', 'Arjun submitted Neha Sharma.', 'submission', 'Unread', '{"candidate_id":"C001"}', '2026-03-13T14:26:01.979214') on conflict do nothing;
insert into notifications ("notification_id", "user_id", "title", "message", "category", "status", "metadata", "created_at") values ('N002', 'U003', 'Task assigned', 'Verify pending Airtel profiles.', 'task', 'Unread', '{"task_id":"T001"}', '2026-03-13T14:26:01.979244') on conflict do nothing;
insert into notifications ("notification_id", "user_id", "title", "message", "category", "status", "metadata", "created_at") values ('N003', 'U004', 'Task updated', 'Reschedule Pooja interview is closed.', 'task', 'Unread', '{"task_id":"T003"}', '2026-03-13T14:26:01.979271') on conflict do nothing;
insert into notifications ("notification_id", "user_id", "title", "message", "category", "status", "metadata", "created_at") values ('N004', 'U005', 'Follow-up reminder', 'Start internship lead follow-ups.', 'task', 'Unread', '{}', '2026-03-13T14:26:01.979293') on conflict do nothing;
insert into notifications ("notification_id", "user_id", "title", "message", "category", "status", "metadata", "created_at") values ('N005', 'U001', 'Duplicate detected', 'Neha Sharma duplicate found by phone.', 'duplicate', 'Unread', '{"candidate_id":"C005"}', '2026-03-13T14:26:01.979309') on conflict do nothing;

-- seed: presence (6 rows)
insert into presence ("user_id", "last_seen_at", "last_page", "is_on_break", "break_reason", "break_started_at", "break_expected_end_at", "total_break_minutes", "locked", "last_call_dial_at", "last_call_candidate_id", "last_call_alert_sent_at", "meeting_joined", "meeting_joined_at", "screen_sharing", "screen_frame_url", "last_screen_frame_at", "work_started_at", "total_work_minutes") values ('U001', '2026-03-19T17:44:47', '/dashboard', '0', '', '', '', '0', '0', '', '', '', '0', '', '0', '', '', '2026-03-18T06:28:16', '0') on conflict do nothing;
insert into presence ("user_id", "last_seen_at", "last_page", "is_on_break", "break_reason", "break_started_at", "break_expected_end_at", "total_break_minutes", "locked", "last_call_dial_at", "last_call_candidate_id", "last_call_alert_sent_at", "meeting_joined", "meeting_joined_at", "screen_sharing", "screen_frame_url", "last_screen_frame_at", "work_started_at", "total_work_minutes") values ('U002', '2026-03-18T06:28:01', 'dashboard', '0', '', '', '', '0', '0', '', '', '', '0', '', '0', '', '', '2026-03-18T06:28:01', '0') on conflict do nothing;
insert into presence ("user_id", "last_seen_at", "last_page", "is_on_break", "break_reason", "break_started_at", "break_expected_end_at", "total_break_minutes", "locked", "last_call_dial_at", "last_call_candidate_id", "last_call_alert_sent_at", "meeting_joined", "meeting_joined_at", "screen_sharing", "screen_frame_url", "last_screen_frame_at", "work_started_at", "total_work_minutes") values ('U003', '2026-03-18T06:28:01', 'dashboard', '0', '', '', '', '0', '0', '', '', '', '0', '', '0', '', '', '2026-03-18T06:28:01', '0') on conflict do nothing;
insert into presence ("user_id", "last_seen_at", "last_page", "is_on_break", "break_reason", "break_started_at", "break_expected_end_at", "total_break_minutes", "locked", "last_call_dial_at", "last_call_candidate_id", "last_call_alert_sent_at", "meeting_joined", "meeting_joined_at", "screen_sharing", "screen_frame_url", "last_screen_frame_at", "work_started_at", "total_work_minutes") values ('U004', '2026-03-18T06:28:01', 'dashboard', '0', '', '', '', '0', '0', '', '', '', '0', '', '0', '', '', '', '0') on conflict do nothing;
insert into presence ("user_id", "last_seen_at", "last_page", "is_on_break", "break_reason", "break_started_at", "break_expected_end_at", "total_break_minutes", "locked", "last_call_dial_at", "last_call_candidate_id", "last_call_alert_sent_at", "meeting_joined", "meeting_joined_at", "screen_sharing", "screen_frame_url", "last_screen_frame_at", "work_started_at", "total_work_minutes") values ('U005', '2026-03-18T06:28:01', 'dashboard', '0', '', '', '', '0', '0', '', '', '', '0', '', '0', '', '', '', '0') on conflict do nothing;
insert into presence ("user_id", "last_seen_at", "last_page", "is_on_break", "break_reason", "break_started_at", "break_expected_end_at", "total_break_minutes", "locked", "last_call_dial_at", "last_call_candidate_id", "last_call_alert_sent_at", "meeting_joined", "meeting_joined_at", "screen_sharing", "screen_frame_url", "last_screen_frame_at", "work_started_at", "total_work_minutes") values ('U006', '2026-03-18T06:28:01', 'dashboard', '0', '', '', '', '0', '0', '', '', '', '0', '', '0', '', '', '', '0') on conflict do nothing;

-- seed: revenue_entries (4 rows)
insert into revenue_entries ("rev_id", "client_name", "candidate_id", "jd_id", "recruiter_code", "amount_billed", "amount_collected", "invoice_status", "billing_month", "joined_at", "expected_payout_date", "source_channel", "created_at") values ('REV001', 'Airtel Process Hub', 'C001', 'J001', 'RC-101', '55000', '55000', 'Collected', '2026-03', '2026-03-12', '2026-04-11', 'Database', '2026-03-18T06:27:50') on conflict do nothing;
insert into revenue_entries ("rev_id", "client_name", "candidate_id", "jd_id", "recruiter_code", "amount_billed", "amount_collected", "invoice_status", "billing_month", "joined_at", "expected_payout_date", "source_channel", "created_at") values ('REV002', 'Blinkit Hiring Desk', 'C002', 'J002', 'RC-102', '48000', '20000', 'Partially Collected', '2026-03', '2026-03-14', '2026-04-13', 'Indeed', '2026-03-18T06:27:50') on conflict do nothing;
insert into revenue_entries ("rev_id", "client_name", "candidate_id", "jd_id", "recruiter_code", "amount_billed", "amount_collected", "invoice_status", "billing_month", "joined_at", "expected_payout_date", "source_channel", "created_at") values ('REV003', 'Teleperformance North', 'C003', 'J003', 'RC-103', '62000', '0', 'Invoice Raised', '2026-03', '2026-03-16', '2026-04-15', 'Naukri', '2026-03-18T06:27:50') on conflict do nothing;
insert into revenue_entries ("rev_id", "client_name", "candidate_id", "jd_id", "recruiter_code", "amount_billed", "amount_collected", "invoice_status", "billing_month", "joined_at", "expected_payout_date", "source_channel", "created_at") values ('REV004', 'Airtel Process Hub', 'C004', 'J004', 'RC-101', '53000', '0', 'Offer Accepted', '2026-03', '2026-03-23', '2026-04-22', 'Reference', '2026-03-18T06:27:50') on conflict do nothing;

-- seed: tasks (5 rows)
insert into tasks ("task_id", "title", "description", "assigned_to_user_id", "assigned_to_name", "assigned_by_user_id", "assigned_by_name", "status", "priority", "due_date", "created_at", "updated_at") values ('T001', 'Verify pending Airtel profiles', 'Review document status for Airtel candidates.', 'U003', 'Arjun Recruiter', 'U002', 'Rhea Team Lead', 'Open', 'High', '2026-03-13', '2026-03-13T14:26:01.979007', '2026-03-13T14:26:01.979011') on conflict do nothing;
insert into tasks ("task_id", "title", "description", "assigned_to_user_id", "assigned_to_name", "assigned_by_user_id", "assigned_by_name", "status", "priority", "due_date", "created_at", "updated_at") values ('T002', 'Follow up internship leads', 'Push WhatsApp follow-ups for internship candidates.', 'U005', 'Kabir Intern', 'U002', 'Rhea Team Lead', 'Pending', 'Normal', '2026-03-13', '2026-03-13T14:26:01.979033', '2026-03-13T14:26:01.979035') on conflict do nothing;
insert into tasks ("task_id", "title", "description", "assigned_to_user_id", "assigned_to_name", "assigned_by_user_id", "assigned_by_name", "status", "priority", "due_date", "created_at", "updated_at") values ('T003', 'Reschedule Pooja interview', 'Coordinate next slot with hiring panel.', 'U004', 'Sara Recruiter', 'U002', 'Rhea Team Lead', 'Closed', 'High', '2026-03-13', '2026-03-13T14:26:01.979047', '2026-03-13T14:26:01.979050') on conflict do nothing;
insert into tasks ("task_id", "title", "description", "assigned_to_user_id", "assigned_to_name", "assigned_by_user_id", "assigned_by_name", "status", "priority", "due_date", "created_at", "updated_at") values ('T004', 'Audit duplicate profiles', 'Check same-day duplicate submissions.', 'U002', 'Rhea Team Lead', 'U001', 'Ava Operations', 'Open', 'High', '2026-03-13', '2026-03-13T14:26:01.979060', '2026-03-13T14:26:01.979062') on conflict do nothing;
insert into tasks ("task_id", "title", "description", "assigned_to_user_id", "assigned_to_name", "assigned_by_user_id", "assigned_by_name", "status", "priority", "due_date", "created_at", "updated_at") values ('T005', 'JD mapping cleanup', 'Align job descriptions to active processes.', 'U003', 'Arjun Recruiter', 'U001', 'Ava Operations', 'Pending', 'Normal', '2026-03-13', '2026-03-13T14:26:01.979073', '2026-03-13T14:26:01.979075') on conflict do nothing;

-- seed: users (6 rows)
insert into users ("user_id", "username", "password", "full_name", "designation", "role", "recruiter_code", "is_active", "theme_name", "updated_at") values ('U001', 'aaryansh.manager', 'Career@123', 'Aaryansh Patel', 'Manager', 'admin', 'MGR-001', '1', 'ocean', '2026-03-19T16:49:35') on conflict do nothing;
insert into users ("user_id", "username", "password", "full_name", "designation", "role", "recruiter_code", "is_active", "theme_name", "updated_at") values ('U002', 'sakshi.tl', 'Sakshi@123', 'Sakshi Soni', 'Team Lead', 'tl', 'TL-001', '1', 'corporate-light', '2026-03-14T21:35:33') on conflict do nothing;
insert into users ("user_id", "username", "password", "full_name", "designation", "role", "recruiter_code", "is_active", "theme_name", "updated_at") values ('U003', 'anjali.tl', 'Anjali@123', 'Anjali Shrivastava', 'Team Lead', 'tl', 'TL-002', '1', 'corporate-light', '2026-03-14T21:35:33') on conflict do nothing;
insert into users ("user_id", "username", "password", "full_name", "designation", "role", "recruiter_code", "is_active", "theme_name", "updated_at") values ('U004', 'rabia.rec', 'Rabia@123', 'Rabia Mann', 'Recruiter', 'recruiter', 'RC-201', '1', 'corporate-light', '2026-03-14T21:35:33') on conflict do nothing;
insert into users ("user_id", "username", "password", "full_name", "designation", "role", "recruiter_code", "is_active", "theme_name", "updated_at") values ('U005', 'tahseen.rec', 'Tahseen@123', 'Tahseen Naaz', 'Recruiter', 'recruiter', 'RC-202', '1', 'corporate-light', '2026-03-14T21:35:33') on conflict do nothing;
insert into users ("user_id", "username", "password", "full_name", "designation", "role", "recruiter_code", "is_active", "theme_name", "updated_at") values ('U006', 'pragya.rec', 'Pragya@123', 'Pragya Singh', 'Recruiter', 'recruiter', 'RC-203', '1', 'corporate-light', '2026-03-14T21:35:33') on conflict do nothing;

commit;